,Provider,Links provider
0,Eyecon,https://slotcatalog.com/en/soft/Eyecon
1,Pragmatic Play,https://slotcatalog.com/en/soft/Pragmatic-Play
2,Reel Kingdom,https://slotcatalog.com/en/soft/Reel-Kingdom
3,Slingo Originals,https://slotcatalog.com/en/soft/Slingo-Originals
4,NetEnt,https://slotcatalog.com/en/soft/NetEnt
5,Play'n Go,https://slotcatalog.com/en/soft/Playn-Go
6,Evolution Gaming,https://slotcatalog.com/en/soft/Evolution-Gaming
7,Blueprint,https://slotcatalog.com/en/soft/Blueprint
8,Red Tiger,https://slotcatalog.com/en/soft/Red-Tiger
9,Inspired Gaming,https://slotcatalog.com/en/soft/Inspired-Gaming
10,Light and Wonder,https://slotcatalog.com/en/soft/Light-and-Wonder
11,Games Global,https://slotcatalog.com/en/soft/Games-Global
12,Big Time Gaming,https://slotcatalog.com/en/soft/Big-Time-Gaming
13,Fortune Factory Studios,https://slotcatalog.com/en/soft/Fortune-Factory-Studios
14,Gameburger Studios,https://slotcatalog.com/en/soft/Gameburger-Studios
15,Playtech Origins,https://slotcatalog.com/en/soft/Playtech-Origins
16,Hacksaw Gaming,https://slotcatalog.com/en/soft/Hacksaw-Gaming
17,Wazdan,https://slotcatalog.com/en/soft/Wazdan
18,Reel Time Gaming,https://slotcatalog.com/en/soft/Reel-Time-Gaming
19,Playtech,https://slotcatalog.com/en/soft/Playtech
20,Barcrest,https://slotcatalog.com/en/soft/Barcrest
21,JustForTheWin,https://slotcatalog.com/en/soft/JustForTheWin
22,Triple Edge Studios,https://slotcatalog.com/en/soft/Triple-Edge-Studios
23,Relax Gaming,https://slotcatalog.com/en/soft/Relax-Gaming
24,Slingshot Studios,https://slotcatalog.com/en/soft/Slingshot-Studios
25,Area Vegas,https://slotcatalog.com/en/soft/Area-Vegas
26,Rarestone Gaming,https://slotcatalog.com/en/soft/Rarestone-Gaming
27,All For One Studios,https://slotcatalog.com/en/soft/All-For-One-Studios
28,Neon Valley Studios,https://slotcatalog.com/en/soft/Neon-Valley-Studios
29,Playson,https://slotcatalog.com/en/soft/Playson
30,Neko Games,https://slotcatalog.com/en/soft/Neko-Games
31,PearFiction,https://slotcatalog.com/en/soft/PearFiction
32,Alchemy Gaming,https://slotcatalog.com/en/soft/Alchemy-Gaming
33,IGT,https://slotcatalog.com/en/soft/IGT
34,Nolimit City,https://slotcatalog.com/en/soft/Nolimit-City
35,ELK Studios,https://slotcatalog.com/en/soft/ELK-Studios
36,Greentube,https://slotcatalog.com/en/soft/Greentube
37,RTG,https://slotcatalog.com/en/soft/RTG
38,Playtech Vikings,https://slotcatalog.com/en/soft/Playtech-Vikings
39,Push Gaming,https://slotcatalog.com/en/soft/Push-Gaming
40,Wizard Games,https://slotcatalog.com/en/soft/Wizard-Games
41,Roxor Gaming,https://slotcatalog.com/en/soft/Roxor-Gaming
42,SpinPlay Games,https://slotcatalog.com/en/soft/SpinPlay-Games
43,Iron Dog Studio,https://slotcatalog.com/en/soft/Iron-Dog-Studio
44,Real Dealer Studios,https://slotcatalog.com/en/soft/Real-Dealer-Studios
45,Quickspin,https://slotcatalog.com/en/soft/Quickspin
46,Snowborn Games,https://slotcatalog.com/en/soft/Snowborn-Games
47,OneTouch,https://slotcatalog.com/en/soft/OneTouch
48,Aurum Signature Studios,https://slotcatalog.com/en/soft/Aurum-Signature-Studios
49,Gold Coin Studios,https://slotcatalog.com/en/soft/Gold-Coin-Studios
50,Northern Lights Gaming,https://slotcatalog.com/en/soft/Northern-Lights-Gaming
51,Spinomenal,https://slotcatalog.com/en/soft/Spinomenal
52,4ThePlayer,https://slotcatalog.com/en/soft/4ThePlayer
53,Switch Studios,https://slotcatalog.com/en/soft/Switch-Studios
54,1X2gaming,https://slotcatalog.com/en/soft/1x2gaming
55,CR Games,https://slotcatalog.com/en/soft/CR-Games
56,Print Studios,https://slotcatalog.com/en/soft/Print-Studios
57,Reel Play,https://slotcatalog.com/en/soft/Reel-Play
58,Yggdrasil,https://slotcatalog.com/en/soft/Yggdrasil
59,Gamesys,https://slotcatalog.com/en/soft/Gamesys
60,CORE Gaming,https://slotcatalog.com/en/soft/CORE-Gaming
61,Fantasma Games,https://slotcatalog.com/en/soft/Fantasma-Games
62,Ash Gaming,https://slotcatalog.com/en/soft/Ash-Gaming
63,RAW iGaming,https://slotcatalog.com/en/soft/RAW-iGaming
64,StakeLogic,https://slotcatalog.com/en/soft/StakeLogic
65,Skywind Group,https://slotcatalog.com/en/soft/Skywind-Group
66,Thunderkick,https://slotcatalog.com/en/soft/Thunderkick
67,Stormcraft Studios,https://slotcatalog.com/en/soft/Stormcraft-Studios
68,Hammertime,https://slotcatalog.com/en/soft/Hammertime
69,iSoftBet,https://slotcatalog.com/en/soft/iSoftBet
70,High Limit Studio,https://slotcatalog.com/en/soft/High-Limit-Studio
71,SYNOT,https://slotcatalog.com/en/soft/SYNOT
72,Bell-Fruit Games,https://slotcatalog.com/en/soft/Bell-Fruit-Games
73,Skillzzgaming,https://slotcatalog.com/en/soft/Skillzzgaming
74,The Stars Group,https://slotcatalog.com/en/soft/The-Stars-Group
75,Ruby Play,https://slotcatalog.com/en/soft/Ruby-Play
76,Amatic Industries,https://slotcatalog.com/en/soft/Amatic-Industries
77,Oros Gaming,https://slotcatalog.com/en/soft/Oros-Gaming
78,Four Leaf Gaming,https://slotcatalog.com/en/soft/Four-Leaf-Gaming
79,Spribe,https://slotcatalog.com/en/soft/Spribe
80,Bwin.Party,https://slotcatalog.com/en/soft/BwinParty
81,Infinity Dragon Studios,https://slotcatalog.com/en/soft/Infinity-Dragon-Studios
82,Betsoft,https://slotcatalog.com/en/soft/Betsoft
83,Funky Games,https://slotcatalog.com/en/soft/Funky-Games
84,Jelly,https://slotcatalog.com/en/soft/Jelly
85,Authentic Gaming,https://slotcatalog.com/en/soft/Authentic-Gaming
86,Live 5,https://slotcatalog.com/en/soft/Live-5
87,Realistic,https://slotcatalog.com/en/soft/Realistic
88,Nailed It! Games,https://slotcatalog.com/en/soft/Nailed-It-Games
89,NextGen,https://slotcatalog.com/en/soft/NextGen
90,Foxium,https://slotcatalog.com/en/soft/Foxium
91,Cayetano Gaming,https://slotcatalog.com/en/soft/Cayetano-Gaming
92,Bang Bang Games,https://slotcatalog.com/en/soft/Bang-Bang-Games
93,Wild Streak Gaming,https://slotcatalog.com/en/soft/Wild-Streak-Gaming
94,Candle Bets,https://slotcatalog.com/en/soft/Candle-Bets
95,Ino Games,https://slotcatalog.com/en/soft/Ino-Games
96,Pulse 8 Studios,https://slotcatalog.com/en/soft/Pulse-8-Studios
97,Design Works Gaming,https://slotcatalog.com/en/soft/Design-Works-Gaming
98,G.Games,https://slotcatalog.com/en/soft/G-Games
99,Rival Gaming,https://slotcatalog.com/en/soft/Rival-Gaming
100,WMS,https://slotcatalog.com/en/soft/WMS
101,Prospect Gaming,https://slotcatalog.com/en/soft/Prospect-Gaming
102,Armadillo Studios,https://slotcatalog.com/en/soft/Armadillo-Studios
103,Incredible Technologies,https://slotcatalog.com/en/soft/Incredible-Technologies
104,Peter and Sons,https://slotcatalog.com/en/soft/Peter-and-Sons
105,NetGaming,https://slotcatalog.com/en/soft/NetGaming
106,Slotmill,https://slotcatalog.com/en/soft/Slotmill
107,Felt,https://slotcatalog.com/en/soft/Felt
108,Booming Games,https://slotcatalog.com/en/soft/Booming-Games
109,Betixon,https://slotcatalog.com/en/soft/Betixon
110,Red7,https://slotcatalog.com/en/soft/Red7
111,SkillOnNet,https://slotcatalog.com/en/soft/SkillOnNet
112,High 5 Games,https://slotcatalog.com/en/soft/High-5-Games
113,Buck Stakes Entertainment,https://slotcatalog.com/en/soft/Buck-Stakes-Entertainment
114,Hot Rise Games,https://slotcatalog.com/en/soft/Hot-Rise-Games
115,TV Bet,https://slotcatalog.com/en/soft/TV-Bet
116,PG Soft,https://slotcatalog.com/en/soft/PG-Soft
117,Blue Ring Studios,https://slotcatalog.com/en/soft/Blue-Ring-Studios
118,Games Inc,https://slotcatalog.com/en/soft/Games-Inc
119,GamesOS,https://slotcatalog.com/en/soft/GamesOs
120,Qeetoto,https://slotcatalog.com/en/soft/Qeetoto
121,Leander Games,https://slotcatalog.com/en/soft/Leander-Games
122,Shuffle Master,https://slotcatalog.com/en/soft/Shuffle-Master
123,Bally,https://slotcatalog.com/en/soft/Bally
124,Electric Elephant,https://slotcatalog.com/en/soft/Electric-Elephant
125,Popok Gaming,https://slotcatalog.com/en/soft/Popok-Gaming
126,Spinberry,https://slotcatalog.com/en/soft/Spinberry
127,Endemol Shine Gaming,https://slotcatalog.com/en/soft/Endemol-Shine-Gaming
128,Lightning Box,https://slotcatalog.com/en/soft/Lightning-Box
129,Pixiu Gaming,https://slotcatalog.com/en/soft/Pixiu-Gaming
130,Golden Rock Studios,https://slotcatalog.com/en/soft/Golden-Rock-Studios
131,Lucksome,https://slotcatalog.com/en/soft/Lucksome
132,Storm Gaming,https://slotcatalog.com/en/soft/Storm-Gaming
133,Reflex Gaming,https://slotcatalog.com/en/soft/Reflex-Gaming
134,Slot Factory,https://slotcatalog.com/en/soft/Slot-Factory
135,Arrows Edge,https://slotcatalog.com/en/soft/Arrows-Edge
136,AGS,https://slotcatalog.com/en/soft/AGS
137,Half Pixel Studio,https://slotcatalog.com/en/soft/Half-Pixel-Studio
138,Tom Horn Gaming,https://slotcatalog.com/en/soft/Tom-Horn-Gaming
139,Max Win Gaming,https://slotcatalog.com/en/soft/Max-Win-Gaming
140,GameArt,https://slotcatalog.com/en/soft/GameArt
141,AGT Software,https://slotcatalog.com/en/soft/AGT-Software
142,NeoGames,https://slotcatalog.com/en/soft/NeoGames
143,Section 8 Studio,https://slotcatalog.com/en/soft/Section-8-Studio
144,Gamomat,https://slotcatalog.com/en/soft/Gamomat
145,edict,https://slotcatalog.com/en/soft/edict
146,Connective Games,https://slotcatalog.com/en/soft/Connective-Games
147,Flipluck,https://slotcatalog.com/en/soft/Flipluck
148,Anakatech,https://slotcatalog.com/en/soft/Anakatech
149,Ezugi,https://slotcatalog.com/en/soft/Ezugi
150,Atomic Slot Lab,https://slotcatalog.com/en/soft/Atomic-Slot-Lab
151,Leap Gaming,https://slotcatalog.com/en/soft/Leap-Gaming
152,Aristocrat,https://slotcatalog.com/en/soft/Aristocrat
153,Spearhead Studios,https://slotcatalog.com/en/soft/Spearhead-Studios
154,Nucleus Gaming,https://slotcatalog.com/en/soft/Nucleus-Gaming
155,Wager Gaming,https://slotcatalog.com/en/soft/Wager-Gaming
156,Spieldev,https://slotcatalog.com/en/soft/Spieldev
157,PlayPearls,https://slotcatalog.com/en/soft/PlayPearls
158,Amusnet Interactive,https://slotcatalog.com/en/soft/Amusnet-Interactive
159,Blue Guru Games,https://slotcatalog.com/en/soft/Blue-Guru-Games
160,Eurocoin Interactive,https://slotcatalog.com/en/soft/Eurocoin-Interactive
161,GONG Gaming Technologies,https://slotcatalog.com/en/soft/GONG-Gaming-Technologies
162,Rabcat,https://slotcatalog.com/en/soft/Rabcat
163,Ainsworth,https://slotcatalog.com/en/soft/Ainsworth
164,Old Skool Studios,https://slotcatalog.com/en/soft/Old-Skool-Studios
165,Red Rake,https://slotcatalog.com/en/soft/Red-Rake
166,Crazy Tooth Studio,https://slotcatalog.com/en/soft/Crazy-Tooth-Studio
167,Genii,https://slotcatalog.com/en/soft/Genii
168,Boldplay,https://slotcatalog.com/en/soft/Boldplay
169,Habanero,https://slotcatalog.com/en/soft/Habanero
170,Epic Industries,https://slotcatalog.com/en/soft/Epic-Industries
171,Nektan,https://slotcatalog.com/en/soft/Nektan
172,Indigo Magic,https://slotcatalog.com/en/soft/Indigo-Magic
173,2by2 Gaming,https://slotcatalog.com/en/soft/2by2-Gaming
174,Saucify,https://slotcatalog.com/en/soft/Saucify
175,Merkur,https://slotcatalog.com/en/soft/Merkur
176,Hurricane Games,https://slotcatalog.com/en/soft/Hurricane-Games
177,AvatarUX Studios,https://slotcatalog.com/en/soft/AvatarUX-Studios
178,Boomerang Studios,https://slotcatalog.com/en/soft/Boomerang-Studios
179,Wishbone,https://slotcatalog.com/en/soft/Wishbone
180,Intouch Games,https://slotcatalog.com/en/soft/Intouch-Games
181,Kalamba Games,https://slotcatalog.com/en/soft/Kalamba-Games
182,Bluberi,https://slotcatalog.com/en/soft/Bluberi
183,Black Pudding Games,https://slotcatalog.com/en/soft/Black-Pudding-Games
184,Psiclone Games,https://slotcatalog.com/en/soft/Psiclone-Games
185,Bally Wulff,https://slotcatalog.com/en/soft/Bally-Wulff
186,Bulletproof Games,https://slotcatalog.com/en/soft/Bulletproof-Games
187,Eurostar Studios,https://slotcatalog.com/en/soft/Eurostar-Studios
188,Lady Luck Games,https://slotcatalog.com/en/soft/Lady-Luck-Games
189,Amaya,https://slotcatalog.com/en/soft/Amaya
190,BF games,https://slotcatalog.com/en/soft/BF-games
191,JVL,https://slotcatalog.com/en/soft/JVL
192,Jade Rabbit Studios,https://slotcatalog.com/en/soft/Jade-Rabbit-Studios
193,OpenBet,https://slotcatalog.com/en/soft/OpenBet
194,Reel Life Games,https://slotcatalog.com/en/soft/Reel-Life-Games
195,BetGames,https://slotcatalog.com/en/soft/BetGames
196,Revolver Gaming,https://slotcatalog.com/en/soft/Revolver-Gaming
197,AceRun,https://slotcatalog.com/en/soft/AceRun
198,MetaGU,https://slotcatalog.com/en/soft/MetaGU
199,Instant Win Gaming,https://slotcatalog.com/en/soft/Instant-Win-Gaming
200,Circular Arrow,https://slotcatalog.com/en/soft/Circular-Arrow
201,GamesLab,https://slotcatalog.com/en/soft/GamesLab
202,Chance Interactive,https://slotcatalog.com/en/soft/Chance-Interactive
203,Touchstone Games,https://slotcatalog.com/en/soft/Touchstone-Games
204,FunFair,https://slotcatalog.com/en/soft/FunFair
205,Smartsoft Gaming,https://slotcatalog.com/en/soft/Smartsoft-Gaming
206,Betdigital,https://slotcatalog.com/en/soft/Betdigital
207,NetGame,https://slotcatalog.com/en/soft/NetGame
208,Playzido,https://slotcatalog.com/en/soft/Playzido
209,Silverback Gaming,https://slotcatalog.com/en/soft/Silverback-Gaming
210,Triple Cherry,https://slotcatalog.com/en/soft/Triple-Cherry
211,King Show Games,https://slotcatalog.com/en/soft/King-Show-Games
212,Retro Gaming,https://slotcatalog.com/en/soft/Retro-Gaming
213,The Games Company,https://slotcatalog.com/en/soft/The-Games-Company
214,Backseat Gaming,https://slotcatalog.com/en/soft/Backseat-Gaming
215,MahiGaming,https://slotcatalog.com/en/soft/MahiGaming
216,Fugaso,https://slotcatalog.com/en/soft/Fugaso
217,Endorphina,https://slotcatalog.com/en/soft/Endorphina
218,Oryx,https://slotcatalog.com/en/soft/Oryx
219,Wild Boars Gaming,https://slotcatalog.com/en/soft/Wild-Boars-Gaming
220,Gacha Studios,https://slotcatalog.com/en/soft/Gacha-Studios
221,Bad Dingo,https://slotcatalog.com/en/soft/Bad-Dingo
222,Rogue,https://slotcatalog.com/en/soft/Rogue
223,Spinmatic,https://slotcatalog.com/en/soft/Spinmatic
224,GVG,https://slotcatalog.com/en/soft/GVG
225,Sthlm Gaming,https://slotcatalog.com/en/soft/Sthlm-Gaming
226,Others,https://slotcatalog.com/en/soft/Others
227,High Flyer Games,https://slotcatalog.com/en/soft/High-Flyer-Games
228,Spinstars,https://slotcatalog.com/en/soft/Spinstars
229,Novomatic,https://slotcatalog.com/en/soft/Novomatic
230,Evoplay,https://slotcatalog.com/en/soft/Evoplay
231,HungryBear,https://slotcatalog.com/en/soft/HungryBear
232,SUNFOX Games,https://slotcatalog.com/en/soft/SUNFOX-Games
233,PAF,https://slotcatalog.com/en/soft/PAF
234,Getta Gaming,https://slotcatalog.com/en/soft/Getta-Gaming
235,Mobile FX,https://slotcatalog.com/en/soft/Mobile-FX
236,Apparat Gaming,https://slotcatalog.com/en/soft/Apparat-Gaming
237,Pariplay,https://slotcatalog.com/en/soft/Pariplay
238,Micro Sova,https://slotcatalog.com/en/soft/Micro-Sova
239,iGaming2go,https://slotcatalog.com/en/soft/iGaming2go
240,Baltic Studios,https://slotcatalog.com/en/soft/Baltic-Studios
241,Super Spade Games,https://slotcatalog.com/en/soft/Super-Spade-Games
242,BetConstruct,https://slotcatalog.com/en/soft/BetConstruct
243,Triple Profits Games,https://slotcatalog.com/en/soft/Triple-Profits-Games
244,Genesis,https://slotcatalog.com/en/soft/Genesis
245,PlayJeux Studios,https://slotcatalog.com/en/soft/PlayJeux-Studios
246,Mazooma,https://slotcatalog.com/en/soft/Mazooma
247,Dragoon Soft,https://slotcatalog.com/en/soft/Dragoon-Soft
248,X Play,https://slotcatalog.com/en/soft/X-Play
249,Markor Technology,https://slotcatalog.com/en/soft/Markor-Technology
250,Atlantic Digital,https://slotcatalog.com/en/soft/Atlantic-Digital
251,Trigger Studios,https://slotcatalog.com/en/soft/Trigger-Studios
252,Big Wave Gaming,https://slotcatalog.com/en/soft/Big-Wave-Gaming
253,7777 Gaming,https://slotcatalog.com/en/soft/7777-Gaming
254,esball,https://slotcatalog.com/en/soft/esball
255,MGA Games,https://slotcatalog.com/en/soft/MGA-Games
256,Side City,https://slotcatalog.com/en/soft/SideCity
257,Plank Gaming,https://slotcatalog.com/en/soft/Plank-Gaming
258,Golden Hero,https://slotcatalog.com/en/soft/Golden-Hero
259,Swintt,https://slotcatalog.com/en/soft/Swintt
260,Games Warehouse,https://slotcatalog.com/en/soft/Games-Warehouse
261,Jili Games,https://slotcatalog.com/en/soft/Jili-Games
262,BB Games,https://slotcatalog.com/en/soft/BB-Games
263,GAMING1,https://slotcatalog.com/en/soft/GAMING1
264,Apex Gaming,https://slotcatalog.com/en/soft/Apex-Gaming
265,Royal Slot Gaming,https://slotcatalog.com/en/soft/Royal-Slot-Gaming
266,Platipus,https://slotcatalog.com/en/soft/Platipus
267,Ameba,https://slotcatalog.com/en/soft/Ameba
268,CreedRoomz,https://slotcatalog.com/en/soft/CreedRoomz
269,MrSlotty,https://slotcatalog.com/en/soft/MrSlotty
270,Bbin,https://slotcatalog.com/en/soft/Bbin
271,CQ9Gaming,https://slotcatalog.com/en/soft/CQ9Gaming
272,ZeroFox Entertainment,https://slotcatalog.com/en/soft/ZeroFox-Entertainment
273,KA Gaming,https://slotcatalog.com/en/soft/KA-Gaming
274,Dream Tech,https://slotcatalog.com/en/soft/Dream-Tech
275,InBet Games,https://slotcatalog.com/en/soft/InBet-Games
276,GECO Gaming,https://slotcatalog.com/en/soft/GECO-Gaming
277,Sapphire Gaming,https://slotcatalog.com/en/soft/Sapphire-Gaming
278,Apollo Games,https://slotcatalog.com/en/soft/Apollo-Games
279,Concept Gaming,https://slotcatalog.com/en/soft/Concept-Gaming
280,Urgent Games,https://slotcatalog.com/en/soft/Urgent-Games
281,HÃ¶lle Games,https://slotcatalog.com/en/soft/Holle-Games
282,AllWaySpin,https://slotcatalog.com/en/soft/AllWaySpin
283,Skyrocket Studios,https://slotcatalog.com/en/soft/Skyrocket-Studios
284,Gaming Corps,https://slotcatalog.com/en/soft/Gaming-Corps
285,DiceLab,https://slotcatalog.com/en/soft/DiceLab
286,Green Jade Games,https://slotcatalog.com/en/soft/Green-Jade-Games
287,Arcadem,https://slotcatalog.com/en/soft/Arcadem
288,TaDa Gaming,https://slotcatalog.com/en/soft/TaDa-Gaming
289,Fine Edge Gaming,https://slotcatalog.com/en/soft/Fine-Edge-Gaming
290,OneGame,https://slotcatalog.com/en/soft/OneGame
291,Vela Gaming,https://slotcatalog.com/en/soft/Vela-Gaming
292,e-gaming,https://slotcatalog.com/en/soft/e-gaming
293,Mascot Gaming,https://slotcatalog.com/en/soft/Mascot-Gaming
294,TOP TREND GAMING,https://slotcatalog.com/en/soft/TOP-TREND-GAMING
295,Everi,https://slotcatalog.com/en/soft/Everi
296,Sigma Gaming,https://slotcatalog.com/en/soft/Sigma-Gaming
297,GamePlay,https://slotcatalog.com/en/soft/GamePlay
298,Win Fast,https://slotcatalog.com/en/soft/Win-Fast
299,GMW,https://slotcatalog.com/en/soft/GMW
300,Aspect Gaming,https://slotcatalog.com/en/soft/Aspect-Gaming
301,FUGA Gaming,https://slotcatalog.com/en/soft/FUGA-Gaming
302,Adoptit,https://slotcatalog.com/en/soft/Adoptit
303,1spin4win,https://slotcatalog.com/en/soft/1spin4win
304,HITSqwad,https://slotcatalog.com/en/soft/HITSqwad
305,ZITRO,https://slotcatalog.com/en/soft/ZITRO
306,D-Tech,https://slotcatalog.com/en/soft/D-Tech
307,Cozy,https://slotcatalog.com/en/soft/Cozy
308,Tuko Productions,https://slotcatalog.com/en/soft/Tuko-Productions
309,Givme Games,https://slotcatalog.com/en/soft/Givme-Games
310,Extreme Live Gaming,https://slotcatalog.com/en/soft/Extreme-Live-Gaming
311,Manna Play,https://slotcatalog.com/en/soft/Manna-Play
312,SuperlottoTV,https://slotcatalog.com/en/soft/SuperlottoTV
313,Giocaonline,https://slotcatalog.com/en/soft/Giocaonline
314,ELYSIUM Studios,https://slotcatalog.com/en/soft/ELYSIUM-Studios
315,Fils Game,https://slotcatalog.com/en/soft/Fils-Game
316,MikoApps,https://slotcatalog.com/en/soft/MikoApps
317,Betsense,https://slotcatalog.com/en/soft/Betsense
318,Belatra Games,https://slotcatalog.com/en/soft/Belatra-Games
319,Openbox Gaming,https://slotcatalog.com/en/soft/Openbox-Gaming
320,Tooz Games,https://slotcatalog.com/en/soft/Tooz-Games
321,MultiSlot,https://slotcatalog.com/en/soft/MultiSlot
322,IGTech,https://slotcatalog.com/en/soft/IGTech
323,Five Men Games,https://slotcatalog.com/en/soft/Five-Men-Games
324,Asylum Labs Inc.,https://slotcatalog.com/en/soft/Asylum-Labs-Inc
325,R. Franco,https://slotcatalog.com/en/soft/R-Franco
326,Playnova,https://slotcatalog.com/en/soft/Playnova
327,RCT Gaming,https://slotcatalog.com/en/soft/RCT-Gaming
328,Spadegaming,https://slotcatalog.com/en/soft/Spadegaming
329,RNGPlay,https://slotcatalog.com/en/soft/RNGPlay
330,Popiplay,https://slotcatalog.com/en/soft/Popiplay
331,Aviatrix,https://slotcatalog.com/en/soft/Aviatrix
332,Pirates Gold Studios,https://slotcatalog.com/en/soft/Pirates-Gold-Studios
333,Gamebeat,https://slotcatalog.com/en/soft/Gamebeat
334,Nextspin,https://slotcatalog.com/en/soft/Nextspin
335,CT Gaming,https://slotcatalog.com/en/soft/CT-Gaming
336,Esa Gaming,https://slotcatalog.com/en/soft/Esa-Gaming
337,TrueLab Games,https://slotcatalog.com/en/soft/TrueLab-Games
338,Racjin,https://slotcatalog.com/en/soft/Racjin
339,Aurify Gaming,https://slotcatalog.com/en/soft/Aurify-Gaming
340,Mighty Finger,https://slotcatalog.com/en/soft/Mighty-Finger
341,Maverick,https://slotcatalog.com/en/soft/Maverick
342,Probability Jones,https://slotcatalog.com/en/soft/Probability-Jones
343,Eurasian Gaming,https://slotcatalog.com/en/soft/Eurasian-Gaming
344,Lost World Games,https://slotcatalog.com/en/soft/Lost-World-Games
345,Magic Dreams,https://slotcatalog.com/en/soft/Magic-Dreams
346,Samurai Studio,https://slotcatalog.com/en/soft/Samurai-Studio
347,Turbo Games,https://slotcatalog.com/en/soft/Turbo-Games
348,NYX Gaming Group,https://slotcatalog.com/en/soft/NYX-Gaming-Group
349,Chilli Games,https://slotcatalog.com/en/soft/Chilli-Games
350,Capecod Gaming,https://slotcatalog.com/en/soft/Capecod-Gaming
351,Gameiom,https://slotcatalog.com/en/soft/Gameiom
352,GameScale,https://slotcatalog.com/en/soft/GameScale
353,Octavian Gaming,https://slotcatalog.com/en/soft/Octavian-Gaming
354,Elbet,https://slotcatalog.com/en/soft/Elbet
355,UC Casino,https://slotcatalog.com/en/soft/UC-Casino
356,Caleta Gaming,https://slotcatalog.com/en/soft/Caleta-Gaming
357,Betrnk Games,https://slotcatalog.com/en/soft/Betrnk-Games
358,Vivo Gaming,https://slotcatalog.com/en/soft/Vivo-Gaming
359,PoggiPlay,https://slotcatalog.com/en/soft/PoggiPlay
360,Present Creative,https://slotcatalog.com/en/soft/Present-Creative
361,Beter Live,https://slotcatalog.com/en/soft/Beter-Live
362,Bragg Gaming,https://slotcatalog.com/en/soft/Bragg-Gaming
363,Bunfox,https://slotcatalog.com/en/soft/Bunfox
364,BP Games,https://slotcatalog.com/en/soft/BP-Games
365,XIN Gaming,https://slotcatalog.com/en/soft/XIN-Gaming
366,Tornado Games,https://slotcatalog.com/en/soft/Tornado-Games
367,Nemesis Game Studio,https://slotcatalog.com/en/soft/Nemesis-Game-Studio
368,Booongo,https://slotcatalog.com/en/soft/Booongo
369,Begames,https://slotcatalog.com/en/soft/Begames
370,Vibra Gaming,https://slotcatalog.com/en/soft/Vibra-Gaming
371,Spinoro,https://slotcatalog.com/en/soft/Spinoro
372,GameX,https://slotcatalog.com/en/soft/GameX
373,Top Spin Games,https://slotcatalog.com/en/soft/Top-Spin-Games
374,Play Labs,https://slotcatalog.com/en/soft/Play-Labs
375,ReelFeel Gaming,https://slotcatalog.com/en/soft/ReelFeel-Gaming
376,NewAge Games,https://slotcatalog.com/en/soft/NewAge-Games
377,Stake Originals,https://slotcatalog.com/en/soft/Stake-Originals
378,Animak Gaming,https://slotcatalog.com/en/soft/Animak-Gaming
379,BetStone,https://slotcatalog.com/en/soft/BetStone
380,JDB,https://slotcatalog.com/en/soft/JDB
381,Gromada Games,https://slotcatalog.com/en/soft/Gromada-Games
382,Bet2Tech,https://slotcatalog.com/en/soft/Bet2Tech
383,Macaw Gaming,https://slotcatalog.com/en/soft/Macaw-Gaming
384,Cadillac Jack,https://slotcatalog.com/en/soft/Cadillac-Jack
385,Singular,https://slotcatalog.com/en/soft/Singular
386,Salsa Technology,https://slotcatalog.com/en/soft/Salsa-Technology
387,Xplosive Slots Group,https://slotcatalog.com/en/soft/Xplosive-Slots-Group
388,Gameway,https://slotcatalog.com/en/soft/Gameway
389,Slot Machine Design,https://slotcatalog.com/en/soft/Slot-Machine-Design
390,Supremeland Gaming,https://slotcatalog.com/en/soft/Supremeland-Gaming
391,Medialive Casino,https://slotcatalog.com/en/soft/Medialive-Casino
392,WagerMill,https://slotcatalog.com/en/soft/WagerMill
393,Slot Exchange,https://slotcatalog.com/en/soft/Slot-Exchange
394,Lionline,https://slotcatalog.com/en/soft/Lionline
395,CEGO,https://slotcatalog.com/en/soft/CEGO
396,Justplay Gaming,https://slotcatalog.com/en/soft/Justplay-Gaming
397,Ganapati,https://slotcatalog.com/en/soft/Ganapati
398,Tech4bet,https://slotcatalog.com/en/soft/Tech4bet
399,Promatic Games,https://slotcatalog.com/en/soft/Promatic-Games
400,HoGaming,https://slotcatalog.com/en/soft/HoGaming
401,Imagina,https://slotcatalog.com/en/soft/Imagina
402,Air Dice,https://slotcatalog.com/en/soft/Air-Dice
403,Yolted,https://slotcatalog.com/en/soft/Yolted
404,Pate Play,https://slotcatalog.com/en/soft/Pate-Play
405,Betinsight Games,https://slotcatalog.com/en/soft/Betinsight-Games
406,Summus Games,https://slotcatalog.com/en/soft/Summus-Games
407,Jumbo Games,https://slotcatalog.com/en/soft/Jumbo
408,Zeus Play,https://slotcatalog.com/en/soft/Zeus-Play
409,Casino Rewards,https://slotcatalog.com/en/soft/Casino-Rewards
410,Rising Entertainment,https://slotcatalog.com/en/soft/Rising-Entertainment
411,We Are Casino,https://slotcatalog.com/en/soft/We-Are-Casino
412,Portomaso Gaming,https://slotcatalog.com/en/soft/Portomaso-Gaming
413,Lambda Gaming,https://slotcatalog.com/en/soft/Lambda-Gaming
414,Pascal Gaming,https://slotcatalog.com/en/soft/Pascal-Gaming
415,Playreels,https://slotcatalog.com/en/soft/Playreels
416,DLV,https://slotcatalog.com/en/soft/DLV
417,Game360,https://slotcatalog.com/en/soft/Game360
418,Redstone,https://slotcatalog.com/en/soft/Redstone
419,7mojos,https://slotcatalog.com/en/soft/7mojos
420,Upgaming,https://slotcatalog.com/en/soft/Upgaming
421,Indi Slots,https://slotcatalog.com/en/soft/Indi-Slots
422,Aiwin Games,https://slotcatalog.com/en/soft/Aiwin-Games
423,Onlyplay,https://slotcatalog.com/en/soft/Onlyplay
424,Infinite Creativity Technology,https://slotcatalog.com/en/soft/Infinite-Creativity-Technology
425,Red Panda,https://slotcatalog.com/en/soft/Red-Panda
426,Holland Power Gaming,https://slotcatalog.com/en/soft/Holland-Power-Gaming
427,Baldazzi Styl Art,https://slotcatalog.com/en/soft/Baldazzi-Styl-Art
428,GiG Games,https://slotcatalog.com/en/soft/GiG-Games
429,Azure Tech,https://slotcatalog.com/en/soft/Azure-Tech
430,SimplePlay,https://slotcatalog.com/en/soft/SimplePlay
431,Fazi,https://slotcatalog.com/en/soft/Fazi
432,Join Games,https://slotcatalog.com/en/soft/Join-Games
433,YGR,https://slotcatalog.com/en/soft/YGR
434,X Line,https://slotcatalog.com/en/soft/X-Line
435,Kambi,https://slotcatalog.com/en/soft/Kambi
436,Spin Games,https://slotcatalog.com/en/soft/Spin-Games
437,Xatronic Software,https://slotcatalog.com/en/soft/Xatronic-Software
438,Casino Web Scripts,https://slotcatalog.com/en/soft/Casino-Web-Scripts
439,Amigo Gaming,https://slotcatalog.com/en/soft/Amigo-Gaming
440,Phoenix 7,https://slotcatalog.com/en/soft/Phoenix-7
441,X Card,https://slotcatalog.com/en/soft/X-Card
442,Asia Gaming,https://slotcatalog.com/en/soft/Asia-Gaming
443,Shacks Evolution Studios,https://slotcatalog.com/en/soft/Shacks-Evolution-Studios
444,Darwin Gaming,https://slotcatalog.com/en/soft/Darwin-Gaming
445,Rakki,https://slotcatalog.com/en/soft/Rakki
446,Felix Gaming,https://slotcatalog.com/en/soft/Felix-Gaming
447,Blaze Gaming,https://slotcatalog.com/en/soft/Blaze-Gaming
448,Reevo,https://slotcatalog.com/en/soft/Reevo
449,X Room,https://slotcatalog.com/en/soft/X-Room
450,Odobo,https://slotcatalog.com/en/soft/Odobo
451,Firebird Gaming,https://slotcatalog.com/en/soft/Firebird-Gaming
452,Spinthon,https://slotcatalog.com/en/soft/Spinthon
453,Copacabana Gaming,https://slotcatalog.com/en/soft/Copacabana-Gaming
454,Betsson Group,https://slotcatalog.com/en/soft/Betsson-Group
455,Magellan,https://slotcatalog.com/en/soft/Magellan
456,Three Tails,https://slotcatalog.com/en/soft/Three-Tails
457,KAJOT,https://slotcatalog.com/en/soft/KAJOT
458,Azure Tech,https://slotcatalog.com/en/soft/Azure-Tech
459,SimplePlay,https://slotcatalog.com/en/soft/SimplePlay
460,Igrosoft,https://slotcatalog.com/en/soft/Igrosoft
461,Cubeia,https://slotcatalog.com/en/soft/Cubeia
462,Kiron Interactive,https://slotcatalog.com/en/soft/Kiron-Interactive
463,SB Tech,https://slotcatalog.com/en/soft/SB-Tech
464,Bombay Live,https://slotcatalog.com/en/soft/Bombay-Live
465,Laxino,https://slotcatalog.com/en/soft/Laxino
466,Splitrock Gaming,https://slotcatalog.com/en/soft/Splitrock-Gaming
467,Phoenix Flames Studio,https://slotcatalog.com/en/soft/Phoenix-Flames-Studio
468,Konami,https://slotcatalog.com/en/soft/Konami
469,Charismatic,https://slotcatalog.com/en/soft/Charismatic
470,WMG,https://slotcatalog.com/en/soft/WMG
471,Bakoo,https://slotcatalog.com/en/soft/Bakoo
472,Vermantia,https://slotcatalog.com/en/soft/Vermantia
473,NetoPlay,https://slotcatalog.com/en/soft/NetoPlay
474,Advant Play,https://slotcatalog.com/en/soft/Advant-Play
475,Reloaded Gaming,https://slotcatalog.com/en/soft/Reloaded-Gaming
476,Mancala Gaming,https://slotcatalog.com/en/soft/Mancala-Gaming
477,Plain Gaming,https://slotcatalog.com/en/soft/Plain-Gaming
478,PoggiPlay,https://slotcatalog.com/en/soft/PoggiPlay
479,Portomaso Gaming,https://slotcatalog.com/en/soft/Portomaso-Gaming
480,Sega Sammy,https://slotcatalog.com/en/soft/Sega-Sammy
481,Barbara Bang,https://slotcatalog.com/en/soft/Barbara-Bang
482,Woohoo,https://slotcatalog.com/en/soft/Woohoo
483,XPG,https://slotcatalog.com/en/soft/XPG
484,World Match,https://slotcatalog.com/en/soft/World-Match
485,Pascal Gaming,https://slotcatalog.com/en/soft/Pascal-Gaming
486,Playreels,https://slotcatalog.com/en/soft/Playreels
487,DLV,https://slotcatalog.com/en/soft/DLV
488,Game360,https://slotcatalog.com/en/soft/Game360
489,Redstone,https://slotcatalog.com/en/soft/Redstone
490,7mojos,https://slotcatalog.com/en/soft/7mojos
491,Lambda Gaming,https://slotcatalog.com/en/soft/Lambda-Gaming
492,Onlyplay,https://slotcatalog.com/en/soft/Onlyplay
493,Infinite Creativity Technology,https://slotcatalog.com/en/soft/Infinite-Creativity-Technology
494,Upgaming,https://slotcatalog.com/en/soft/Upgaming
495,Indi Slots,https://slotcatalog.com/en/soft/Indi-Slots
496,Aiwin Games,https://slotcatalog.com/en/soft/Aiwin-Games
497,Holland Power Gaming,https://slotcatalog.com/en/soft/Holland-Power-Gaming
498,Baldazzi Styl Art,https://slotcatalog.com/en/soft/Baldazzi-Styl-Art
499,GiG Games,https://slotcatalog.com/en/soft/GiG-Games
500,Red Panda,https://slotcatalog.com/en/soft/Red-Panda
501,Cubeia,https://slotcatalog.com/en/soft/Cubeia
502,Kiron Interactive,https://slotcatalog.com/en/soft/Kiron-Interactive
503,Quik Gaming,https://slotcatalog.com/en/soft/Quik-Gaming
504,Slotmotion,https://slotcatalog.com/en/soft/Slotmotion
505,Allbet Gaming,https://slotcatalog.com/en/soft/Allbet-Gaming
506,Iconic Gaming,https://slotcatalog.com/en/soft/Iconic-Gaming
507,Vision Casino Studio,https://slotcatalog.com/en/soft/Vision-Casino-Studio
508,Ela Games,https://slotcatalog.com/en/soft/Ela-Games
509,Powderkeg Studios,https://slotcatalog.com/en/soft/Powderkeg-Studios
510,Jackpot Software,https://slotcatalog.com/en/soft/Jackpot-Software
511,BDM,https://slotcatalog.com/en/soft/BDM
512,ReelNRG,https://slotcatalog.com/en/soft/ReelNRG
513,Enrich Gaming,https://slotcatalog.com/en/soft/Enrich-Gaming
514,Zeal Instant Games,https://slotcatalog.com/en/soft/Zeal-Instant-Games
515,LuckyStreak,https://slotcatalog.com/en/soft/LuckyStreak
516,Cryptologic,https://slotcatalog.com/en/soft/Cryptologic
517,Dragon Gaming,https://slotcatalog.com/en/soft/Dragon-Gaming
518,Cogg Studios,https://slotcatalog.com/en/soft/Cogg-Studios
519,Spigo,https://slotcatalog.com/en/soft/Spigo
520,BlueGem Gaming,https://slotcatalog.com/en/soft/BlueGem-Gaming
521,YGR,https://slotcatalog.com/en/soft/YGR
522,X Line,https://slotcatalog.com/en/soft/X-Line
523,Kambi,https://slotcatalog.com/en/soft/Kambi
524,Spin Games,https://slotcatalog.com/en/soft/Spin-Games
525,Xatronic Software,https://slotcatalog.com/en/soft/Xatronic-Software
526,Ebet,https://slotcatalog.com/en/soft/Ebet
527,Playreels,https://slotcatalog.com/en/soft/Playreels
528,DLV,https://slotcatalog.com/en/soft/DLV
529,Game360,https://slotcatalog.com/en/soft/Game360
530,Redstone,https://slotcatalog.com/en/soft/Redstone
531,7mojos,https://slotcatalog.com/en/soft/7mojos
532,Lambda Gaming,https://slotcatalog.com/en/soft/Lambda-Gaming
533,Upgaming,https://slotcatalog.com/en/soft/Upgaming
534,Indi Slots,https://slotcatalog.com/en/soft/Indi-Slots
535,Aiwin Games,https://slotcatalog.com/en/soft/Aiwin-Games
536,Onlyplay,https://slotcatalog.com/en/soft/Onlyplay
537,Infinite Creativity Technology,https://slotcatalog.com/en/soft/Infinite-Creativity-Technology
538,Baldazzi Styl Art,https://slotcatalog.com/en/soft/Baldazzi-Styl-Art
539,GiG Games,https://slotcatalog.com/en/soft/GiG-Games
540,Red Panda,https://slotcatalog.com/en/soft/Red-Panda
541,Holland Power Gaming,https://slotcatalog.com/en/soft/Holland-Power-Gaming
542,GameCo,https://slotcatalog.com/en/soft/GameCo
543,Magellan,https://slotcatalog.com/en/soft/Magellan
544,Three Tails,https://slotcatalog.com/en/soft/Three-Tails
545,KAJOT,https://slotcatalog.com/en/soft/KAJOT
546,Azure Tech,https://slotcatalog.com/en/soft/Azure-Tech
547,SimplePlay,https://slotcatalog.com/en/soft/SimplePlay
548,Igrosoft,https://slotcatalog.com/en/soft/Igrosoft
549,Cubeia,https://slotcatalog.com/en/soft/Cubeia
550,Kiron Interactive,https://slotcatalog.com/en/soft/Kiron-Interactive
551,FBastards,https://slotcatalog.com/en/soft/FBastards
552,Matrix iGaming,https://slotcatalog.com/en/soft/Matrix-iGaming
553,SA Gaming,https://slotcatalog.com/en/soft/SA-Gaming
554,Panga Games,https://slotcatalog.com/en/soft/Panga-Games
555,Expanse Studios,https://slotcatalog.com/en/soft/Expanse-Studios
556,Bla Bla Bla Studious,https://slotcatalog.com/en/soft/Bla-Bla-Bla-Studious
557,Ipanema Gaming,https://slotcatalog.com/en/soft/Ipanema-Gaming
558,Waystar,https://slotcatalog.com/en/soft/Waystar
559,Gamzix,https://slotcatalog.com/en/soft/Gamzix
560,Mutuel Play,https://slotcatalog.com/en/soft/Mutuel-Play
561,OMI Gaming,https://slotcatalog.com/en/soft/OMI-Gaming
562,Aruze Gaming,https://slotcatalog.com/en/soft/Aruze-Gaming
563,Unicum,https://slotcatalog.com/en/soft/Unicum
564,Jumbo Games,https://slotcatalog.com/en/soft/Jumbo
565,Zeus Play,https://slotcatalog.com/en/soft/Zeus-Play
566,Casino Rewards,https://slotcatalog.com/en/soft/Casino-Rewards
567,Rising Entertainment,https://slotcatalog.com/en/soft/Rising-Entertainment
568,We Are Casino,https://slotcatalog.com/en/soft/We-Are-Casino
569,Portomaso Gaming,https://slotcatalog.com/en/soft/Portomaso-Gaming
570,Sega Sammy,https://slotcatalog.com/en/soft/Sega-Sammy
571,Barbara Bang,https://slotcatalog.com/en/soft/Barbara-Bang
572,Woohoo,https://slotcatalog.com/en/soft/Woohoo
573,XPG,https://slotcatalog.com/en/soft/XPG
574,World Match,https://slotcatalog.com/en/soft/World-Match
